circuit_family,logical_qubits,topology,optimization_level,n_seeds,min,max,median,spread,relative_spread,iqr,normalized_spread,zero_spread,stratum
efficient_su2,4,cairo_heavy_hex_27,0,5,3.25,3.75,3.5,0.5,1.1538461538461537,0.25,0.14285714285714285,False,L0
efficient_su2,8,cairo_heavy_hex_27,0,5,3.3125,4.25,3.6875,0.9375,1.2830188679245282,0.3125,0.2542372881355932,False,L0
efficient_su2,12,cairo_heavy_hex_27,0,5,3.8333333333333335,5.166666666666667,4.291666666666667,1.3333333333333335,1.3478260869565217,0.33333333333333304,0.31067961165048547,False,L0
efficient_su2,16,cairo_heavy_hex_27,0,5,3.40625,5.1875,4.6875,1.78125,1.5229357798165137,0.75,0.38,False,L0
efficient_su2,20,cairo_heavy_hex_27,0,5,4.45,5.85,5.175,1.3999999999999995,1.3146067415730336,0.6999999999999993,0.2705314009661835,False,L0
efficient_su2,24,cairo_heavy_hex_27,0,5,5.020833333333333,5.458333333333333,5.25,0.4375,1.0871369294605808,0.2916666666666661,0.08333333333333333,False,L0
ghz_chain,4,cairo_heavy_hex_27,0,5,1.0,1.0,1.0,0.0,1.0,0.0,0.0,True,L0
ghz_chain,8,cairo_heavy_hex_27,0,5,2.571428571428572,3.4285714285714284,3.0,0.8571428571428563,1.333333333333333,0.5714285714285707,0.2857142857142854,False,L0
ghz_chain,12,cairo_heavy_hex_27,0,5,3.363636363636364,5.0,4.363636363636363,1.6363636363636358,1.4864864864864862,0.18181818181818166,0.3749999999999999,False,L0
ghz_chain,16,cairo_heavy_hex_27,0,5,3.466666666666667,5.133333333333334,3.933333333333333,1.666666666666667,1.4807692307692308,1.4666666666666663,0.4237288135593221,False,L0
ghz_chain,20,cairo_heavy_hex_27,0,5,4.0,5.315789473684211,4.2631578947368425,1.3157894736842106,1.3289473684210527,0.8421052631578947,0.30864197530864196,False,L0
ghz_chain,24,cairo_heavy_hex_27,0,5,4.478260869565218,5.434782608695652,4.695652173913044,0.9565217391304346,1.2135922330097086,0.8695652173913047,0.20370370370370364,False,L0
ghz_star,4,cairo_heavy_hex_27,0,5,3.0,3.0,3.0,0.0,1.0,0.0,0.0,True,L0
ghz_star,8,cairo_heavy_hex_27,0,5,2.857142857142857,4.0,3.2857142857142856,1.1428571428571428,1.4,0.42857142857142927,0.34782608695652173,False,L0
ghz_star,12,cairo_heavy_hex_27,0,5,3.727272727272727,5.363636363636363,4.2727272727272725,1.6363636363636362,1.4390243902439024,0.7272727272727275,0.3829787234042553,False,L0
ghz_star,16,cairo_heavy_hex_27,0,5,3.6,5.333333333333333,4.133333333333334,1.733333333333333,1.4814814814814814,0.666666666666667,0.41935483870967727,False,L0
ghz_star,20,cairo_heavy_hex_27,0,5,4.105263157894737,5.157894736842105,4.421052631578948,1.0526315789473681,1.2564102564102564,0.36842105263157876,0.238095238095238,False,L0
ghz_star,24,cairo_heavy_hex_27,0,5,4.391304347826087,5.3478260869565215,4.869565217391305,0.9565217391304346,1.2178217821782178,0.47826086956521685,0.19642857142857137,False,L0
qft,4,cairo_heavy_hex_27,0,5,2.1,2.7,2.2,0.6000000000000001,1.2857142857142858,0.10000000000000009,0.27272727272727276,False,L0
qft,8,cairo_heavy_hex_27,0,5,3.615384615384616,4.0,3.8846153846153846,0.38461538461538414,1.106382978723404,0.15384615384615374,0.09900990099009889,False,L0
qft,12,cairo_heavy_hex_27,0,5,4.333333333333333,4.928571428571429,4.642857142857143,0.5952380952380958,1.1373626373626375,0.35714285714285765,0.1282051282051283,False,L0
qft,16,cairo_heavy_hex_27,0,5,5.206896551724138,6.241379310344827,5.465517241379311,1.0344827586206895,1.1986754966887416,0.12068965517241459,0.18927444794952675,False,L0
qft,20,cairo_heavy_hex_27,0,5,5.418918918918919,7.527027027027027,6.216216216216216,2.108108108108108,1.3890274314214464,0.3108108108108105,0.3391304347826087,False,L0
qft,24,cairo_heavy_hex_27,0,5,5.433333333333334,6.611111111111111,5.922222222222223,1.1777777777777771,1.2167689161554192,1.0444444444444443,0.1988742964352719,False,L0
efficient_su2,4,line_27,0,5,3.25,3.75,3.5,0.5,1.1538461538461537,0.25,0.14285714285714285,False,L0
efficient_su2,8,line_27,0,5,3.3125,4.375,4.3125,1.0625,1.320754716981132,0.3125,0.2463768115942029,False,L0
efficient_su2,12,line_27,0,5,4.25,4.5,4.291666666666667,0.25,1.0588235294117647,0.08333333333333304,0.058252427184466014,False,L0
efficient_su2,16,line_27,0,5,4.09375,4.59375,4.1875,0.5,1.1221374045801527,0.15625,0.11940298507462686,False,L0
efficient_su2,20,line_27,0,5,4.225,4.7,4.45,0.47500000000000053,1.1124260355029587,0.024999999999999467,0.10674157303370799,False,L0
efficient_su2,24,line_27,0,5,4.104166666666667,4.625,4.5625,0.520833333333333,1.1269035532994922,0.33333333333333304,0.11415525114155245,False,L0
ghz_chain,4,line_27,0,5,1.0,1.0,1.0,0.0,1.0,0.0,0.0,True,L0
ghz_chain,8,line_27,0,5,1.0,1.0,1.0,0.0,1.0,0.0,0.0,True,L0
ghz_chain,12,line_27,0,5,1.0,1.0,1.0,0.0,1.0,0.0,0.0,True,L0
ghz_chain,16,line_27,0,5,1.0,1.0,1.0,0.0,1.0,0.0,0.0,True,L0
ghz_chain,20,line_27,0,5,1.0,1.0,1.0,0.0,1.0,0.0,0.0,True,L0
ghz_chain,24,line_27,0,5,1.0,1.0,1.0,0.0,1.0,0.0,0.0,True,L0
ghz_star,4,line_27,0,5,3.0,3.0,3.0,0.0,1.0,0.0,0.0,True,L0
ghz_star,8,line_27,0,5,3.571428571428572,4.0,3.7142857142857135,0.42857142857142794,1.1199999999999999,0.42857142857142794,0.11538461538461524,False,L0
ghz_star,12,line_27,0,5,4.0,4.545454545454546,4.0,0.5454545454545459,1.1363636363636365,0.18181818181818166,0.13636363636363646,False,L0
ghz_star,16,line_27,0,5,4.2,4.533333333333333,4.533333333333333,0.33333333333333304,1.0793650793650793,0.33333333333333304,0.07352941176470582,False,L0
ghz_star,20,line_27,0,5,4.157894736842105,4.789473684210527,4.578947368421052,0.6315789473684221,1.1518987341772156,0.5263157894736841,0.13793103448275887,False,L0
ghz_star,24,line_27,0,5,4.130434782608695,4.869565217391305,4.478260869565218,0.7391304347826093,1.1789473684210527,0.3913043478260878,0.1650485436893205,False,L0
qft,4,line_27,0,5,2.1,2.7,2.2,0.6000000000000001,1.2857142857142858,0.10000000000000009,0.27272727272727276,False,L0
qft,8,line_27,0,5,2.8846153846153846,3.230769230769231,2.9615384615384617,0.34615384615384626,1.12,0.23076923076923084,0.11688311688311691,False,L0
qft,12,line_27,0,5,3.1904761904761907,4.071428571428571,3.809523809523809,0.8809523809523805,1.2761194029850744,0.40476190476190466,0.23124999999999993,False,L0
qft,16,line_27,0,5,3.8620689655172415,4.379310344827586,3.931034482758621,0.5172413793103448,1.1339285714285714,0.4827586206896557,0.13157894736842102,False,L0
qft,20,line_27,0,5,3.6486486486486487,4.5,4.013513513513513,0.8513513513513513,1.2333333333333334,0.09459459459459474,0.21212121212121213,False,L0
qft,24,line_27,0,5,4.166666666666667,4.7444444444444445,4.333333333333333,0.5777777777777775,1.1386666666666665,0.13333333333333286,0.13333333333333328,False,L0
efficient_su2,4,cairo_heavy_hex_27,1,5,2.125,2.125,2.125,0.0,1.0,0.0,0.0,True,L1
efficient_su2,8,cairo_heavy_hex_27,1,5,2.375,3.125,2.5,0.75,1.3157894736842106,0.4375,0.3,False,L1
efficient_su2,12,cairo_heavy_hex_27,1,5,1.0,1.0,1.0,0.0,1.0,0.0,0.0,True,L1
efficient_su2,16,cairo_heavy_hex_27,1,5,2.53125,3.25,2.6875,0.71875,1.2839506172839505,0.1875,0.26744186046511625,False,L1
efficient_su2,20,cairo_heavy_hex_27,1,5,1.0,1.0,1.0,0.0,1.0,0.0,0.0,True,L1
efficient_su2,24,cairo_heavy_hex_27,1,5,3.125,3.25,3.125,0.125,1.04,0.125,0.04,False,L1
ghz_chain,4,cairo_heavy_hex_27,1,5,1.0,1.0,1.0,0.0,1.0,0.0,0.0,True,L1
ghz_chain,8,cairo_heavy_hex_27,1,5,1.0,1.0,1.0,0.0,1.0,0.0,0.0,True,L1
ghz_chain,12,cairo_heavy_hex_27,1,5,1.0,1.0,1.0,0.0,1.0,0.0,0.0,True,L1
ghz_chain,16,cairo_heavy_hex_27,1,5,1.0,1.0,1.0,0.0,1.0,0.0,0.0,True,L1
ghz_chain,20,cairo_heavy_hex_27,1,5,1.0,1.0,1.0,0.0,1.0,0.0,0.0,True,L1
ghz_chain,24,cairo_heavy_hex_27,1,5,2.3043478260869565,2.3043478260869565,2.3043478260869565,0.0,1.0,0.0,0.0,True,L1
ghz_star,4,cairo_heavy_hex_27,1,5,1.0,1.0,1.0,0.0,1.0,0.0,0.0,True,L1
ghz_star,8,cairo_heavy_hex_27,1,5,2.142857142857143,3.142857142857143,2.7142857142857144,1.0,1.4666666666666668,0.4285714285714284,0.3684210526315789,False,L1
ghz_star,12,cairo_heavy_hex_27,1,5,2.909090909090909,3.090909090909091,3.0,0.18181818181818166,1.0625,0.09090909090909083,0.06060606060606055,False,L1
ghz_star,16,cairo_heavy_hex_27,1,5,3.4,3.4,3.4,0.0,1.0,0.0,0.0,True,L1
ghz_star,20,cairo_heavy_hex_27,1,5,3.421052631578948,3.842105263157895,3.526315789473684,0.42105263157894735,1.123076923076923,0.26315789473684115,0.11940298507462686,False,L1
ghz_star,24,cairo_heavy_hex_27,1,5,3.8260869565217392,4.0,3.869565217391304,0.17391304347826075,1.0454545454545454,0.08695652173913038,0.04494382022471907,False,L1
qft,4,cairo_heavy_hex_27,1,5,1.8,1.8,1.8,0.0,1.0,0.0,0.0,True,L1
qft,8,cairo_heavy_hex_27,1,5,2.6538461538461537,2.8076923076923075,2.769230769230769,0.15384615384615374,1.0579710144927537,0.11538461538461497,0.05555555555555552,False,L1
qft,12,cairo_heavy_hex_27,1,5,2.6666666666666665,3.6666666666666665,3.095238095238096,1.0,1.375,0.9047619047619047,0.32307692307692304,False,L1
qft,16,cairo_heavy_hex_27,1,5,3.7586206896551726,4.103448275862069,3.948275862068965,0.3448275862068968,1.0917431192660552,0.13793103448275978,0.0873362445414848,False,L1
qft,20,cairo_heavy_hex_27,1,5,2.9864864864864864,3.783783783783784,3.121621621621621,0.7972972972972978,1.2669683257918554,0.7702702702702706,0.25541125541125564,False,L1
qft,24,cairo_heavy_hex_27,1,5,3.744444444444445,4.166666666666667,4.0,0.42222222222222205,1.1127596439169138,0.09999999999999964,0.10555555555555551,False,L1
efficient_su2,4,line_27,1,5,2.125,2.25,2.125,0.125,1.0588235294117647,0.0,0.058823529411764705,False,L1
efficient_su2,8,line_27,1,5,3.125,3.125,3.125,0.0,1.0,0.0,0.0,True,L1
efficient_su2,12,line_27,1,5,3.4166666666666665,3.4166666666666665,3.4166666666666665,0.0,1.0,0.0,0.0,True,L1
efficient_su2,16,line_27,1,5,3.5625,3.5625,3.5625,0.0,1.0,0.0,0.0,True,L1
efficient_su2,20,line_27,1,5,3.65,3.65,3.65,0.0,1.0,0.0,0.0,True,L1
efficient_su2,24,line_27,1,5,3.8958333333333335,3.8958333333333335,3.8958333333333335,0.0,1.0,0.0,0.0,True,L1
ghz_chain,4,line_27,1,5,1.0,1.0,1.0,0.0,1.0,0.0,0.0,True,L1
ghz_chain,8,line_27,1,5,1.0,1.0,1.0,0.0,1.0,0.0,0.0,True,L1
ghz_chain,12,line_27,1,5,1.0,1.0,1.0,0.0,1.0,0.0,0.0,True,L1
ghz_chain,16,line_27,1,5,1.0,1.0,1.0,0.0,1.0,0.0,0.0,True,L1
ghz_chain,20,line_27,1,5,1.0,1.0,1.0,0.0,1.0,0.0,0.0,True,L1
ghz_chain,24,line_27,1,5,1.0,1.0,1.0,0.0,1.0,0.0,0.0,True,L1
ghz_star,4,line_27,1,5,2.0,2.0,2.0,0.0,1.0,0.0,0.0,True,L1
ghz_star,8,line_27,1,5,3.142857142857143,3.142857142857143,3.142857142857143,0.0,1.0,0.0,0.0,True,L1
ghz_star,12,line_27,1,5,3.4545454545454546,3.4545454545454546,3.4545454545454546,0.0,1.0,0.0,0.0,True,L1
ghz_star,16,line_27,1,5,3.6,3.6,3.6,0.0,1.0,0.0,0.0,True,L1
ghz_star,20,line_27,1,5,3.684210526315789,3.684210526315789,3.684210526315789,0.0,1.0,0.0,0.0,True,L1
ghz_star,24,line_27,1,5,3.739130434782609,3.739130434782609,3.739130434782609,0.0,1.0,0.0,0.0,True,L1
qft,4,line_27,1,5,1.9,1.9,1.9,0.0,1.0,0.0,0.0,True,L1
qft,8,line_27,1,5,2.423076923076923,2.6923076923076925,2.423076923076923,0.2692307692307696,1.1111111111111114,0.1923076923076925,0.11111111111111127,False,L1
qft,12,line_27,1,5,2.595238095238096,2.833333333333333,2.738095238095238,0.23809523809523725,1.0917431192660547,0.0952380952380949,0.08695652173913013,False,L1
qft,16,line_27,1,5,2.827586206896552,2.9827586206896552,2.862068965517241,0.1551724137931032,1.0548780487804876,0.10344827586206895,0.054216867469879436,False,L1
qft,20,line_27,1,5,2.851351351351352,3.0675675675675675,2.9054054054054053,0.21621621621621534,1.0758293838862556,0.1621621621621614,0.0744186046511625,False,L1
qft,24,line_27,1,5,2.811111111111111,3.088888888888889,2.966666666666667,0.2777777777777781,1.098814229249012,0.11111111111111116,0.09363295880149825,False,L1
efficient_su2,4,cairo_heavy_hex_27,3,5,2.125,2.125,2.125,0.0,1.0,0.0,0.0,True,L3
efficient_su2,8,cairo_heavy_hex_27,3,5,2.5,2.5,2.5,0.0,1.0,0.0,0.0,True,L3
efficient_su2,12,cairo_heavy_hex_27,3,5,1.0,1.0,1.0,0.0,1.0,0.0,0.0,True,L3
efficient_su2,16,cairo_heavy_hex_27,3,5,1.84375,2.75,2.5,0.90625,1.4915254237288136,0.78125,0.3625,False,L3
efficient_su2,20,cairo_heavy_hex_27,3,5,1.0,1.0,1.0,0.0,1.0,0.0,0.0,True,L3
efficient_su2,24,cairo_heavy_hex_27,3,5,2.145833333333333,2.6875,2.375,0.541666666666667,1.2524271844660195,0.5,0.22807017543859662,False,L3
ghz_chain,4,cairo_heavy_hex_27,3,5,1.0,1.0,1.0,0.0,1.0,0.0,0.0,True,L3
ghz_chain,8,cairo_heavy_hex_27,3,5,1.0,1.0,1.0,0.0,1.0,0.0,0.0,True,L3
ghz_chain,12,cairo_heavy_hex_27,3,5,1.0,1.0,1.0,0.0,1.0,0.0,0.0,True,L3
ghz_chain,16,cairo_heavy_hex_27,3,5,1.0,1.0,1.0,0.0,1.0,0.0,0.0,True,L3
ghz_chain,20,cairo_heavy_hex_27,3,5,1.0,1.0,1.0,0.0,1.0,0.0,0.0,True,L3
ghz_chain,24,cairo_heavy_hex_27,3,5,2.217391304347826,2.3043478260869565,2.3043478260869565,0.08695652173913038,1.0392156862745099,0.0,0.03773584905660375,False,L3
ghz_star,4,cairo_heavy_hex_27,3,5,1.0,1.0,1.0,0.0,1.0,0.0,0.0,True,L3
ghz_star,8,cairo_heavy_hex_27,3,5,2.0,2.7142857142857144,2.142857142857143,0.7142857142857144,1.3571428571428572,0.1428571428571428,0.3333333333333334,False,L3
ghz_star,12,cairo_heavy_hex_27,3,5,2.1818181818181817,3.0,2.8181818181818183,0.8181818181818183,1.375,0.1818181818181821,0.2903225806451613,False,L3
ghz_star,16,cairo_heavy_hex_27,3,5,2.933333333333333,3.1333333333333333,3.0,0.20000000000000018,1.0681818181818183,0.06666666666666687,0.06666666666666672,False,L3
ghz_star,20,cairo_heavy_hex_27,3,5,2.789473684210526,3.473684210526316,3.3684210526315788,0.6842105263157898,1.2452830188679247,0.5263157894736836,0.2031250000000001,False,L3
ghz_star,24,cairo_heavy_hex_27,3,5,3.260869565217391,3.4782608695652173,3.347826086956522,0.21739130434782616,1.0666666666666667,0.1304347826086958,0.06493506493506496,False,L3
qft,4,cairo_heavy_hex_27,3,5,1.8,1.8,1.8,0.0,1.0,0.0,0.0,True,L3
qft,8,cairo_heavy_hex_27,3,5,1.9615384615384608,2.269230769230769,2.230769230769231,0.3076923076923084,1.1568627450980395,0.038461538461538325,0.13793103448275892,False,L3
qft,12,cairo_heavy_hex_27,3,5,2.071428571428572,3.238095238095238,2.7857142857142856,1.166666666666666,1.5632183908045973,0.6190476190476191,0.4188034188034186,False,L3
qft,16,cairo_heavy_hex_27,3,5,2.896551724137931,3.2586206896551726,3.103448275862069,0.36206896551724155,1.125,0.27586206896551735,0.11666666666666672,False,L3
qft,20,cairo_heavy_hex_27,3,5,2.202702702702702,3.3783783783783785,2.7972972972972974,1.1756756756756763,1.533742331288344,0.5675675675675675,0.42028985507246397,False,L3
qft,24,cairo_heavy_hex_27,3,5,1.9555555555555555,3.577777777777778,3.2111111111111112,1.6222222222222225,1.8295454545454546,0.2888888888888883,0.5051903114186852,False,L3
efficient_su2,4,line_27,3,5,1.75,2.0,1.75,0.25,1.1428571428571428,0.0,0.14285714285714285,False,L3
efficient_su2,8,line_27,3,5,2.875,2.875,2.875,0.0,1.0,0.0,0.0,True,L3
efficient_su2,12,line_27,3,5,3.25,3.25,3.25,0.0,1.0,0.0,0.0,True,L3
efficient_su2,16,line_27,3,5,3.4375,3.4375,3.4375,0.0,1.0,0.0,0.0,True,L3
efficient_su2,20,line_27,3,5,3.55,3.55,3.55,0.0,1.0,0.0,0.0,True,L3
efficient_su2,24,line_27,3,5,3.6458333333333335,3.7291666666666665,3.7083333333333335,0.08333333333333304,1.0228571428571427,0.08333333333333304,0.02247191011235947,False,L3
ghz_chain,4,line_27,3,5,1.0,1.0,1.0,0.0,1.0,0.0,0.0,True,L3
ghz_chain,8,line_27,3,5,1.0,1.0,1.0,0.0,1.0,0.0,0.0,True,L3
ghz_chain,12,line_27,3,5,1.0,1.0,1.0,0.0,1.0,0.0,0.0,True,L3
ghz_chain,16,line_27,3,5,1.0,1.0,1.0,0.0,1.0,0.0,0.0,True,L3
ghz_chain,20,line_27,3,5,1.0,1.0,1.0,0.0,1.0,0.0,0.0,True,L3
ghz_chain,24,line_27,3,5,1.0,1.0,1.0,0.0,1.0,0.0,0.0,True,L3
ghz_star,4,line_27,3,5,1.3333333333333333,2.0,1.3333333333333333,0.6666666666666667,1.5,0.3333333333333335,0.5000000000000001,False,L3
ghz_star,8,line_27,3,5,1.7142857142857142,2.2857142857142856,1.7142857142857142,0.5714285714285714,1.3333333333333333,0.5714285714285714,0.3333333333333333,False,L3
ghz_star,12,line_27,3,5,1.818181818181818,2.1818181818181817,1.818181818181818,0.36363636363636376,1.2000000000000002,0.0,0.2000000000000001,False,L3
ghz_star,16,line_27,3,5,1.8666666666666667,1.8666666666666667,1.8666666666666667,0.0,1.0,0.0,0.0,True,L3
ghz_star,20,line_27,3,5,1.894736842105263,2.1052631578947367,1.894736842105263,0.21052631578947367,1.1111111111111112,0.21052631578947367,0.1111111111111111,False,L3
ghz_star,24,line_27,3,5,2.0869565217391304,2.0869565217391304,2.0869565217391304,0.0,1.0,0.0,0.0,True,L3
qft,4,line_27,3,5,1.5,1.7,1.7,0.19999999999999996,1.1333333333333333,0.19999999999999996,0.11764705882352938,False,L3
qft,8,line_27,3,5,1.8846153846153848,2.1923076923076925,2.0,0.3076923076923077,1.163265306122449,0.11538461538461542,0.15384615384615385,False,L3
qft,12,line_27,3,5,2.1666666666666665,2.3095238095238093,2.2142857142857144,0.1428571428571428,1.065934065934066,0.07142857142857162,0.06451612903225803,False,L3
qft,16,line_27,3,5,1.9827586206896552,2.293103448275862,2.155172413793104,0.31034482758620685,1.1565217391304348,0.1034482758620685,0.14399999999999993,False,L3
qft,20,line_27,3,5,2.0405405405405403,2.391891891891892,2.283783783783784,0.35135135135135176,1.1721854304635764,0.32432432432432456,0.153846153846154,False,L3
qft,24,line_27,3,5,2.0,2.577777777777778,2.333333333333333,0.577777777777778,1.288888888888889,0.3111111111111109,0.2476190476190477,False,L3
